{"cameraMode":{"drawMode":0,"name":"Shaded","section":"Shading Mode"},"sceneLighting":false,"audioPlay":false,"sceneViewState":{"showFog":true,"showMaterialUpdate":false,"showSkybox":false,"showFlares":true,"showImageEffects":true,"showParticleSystems":true},"in2DMode":false,"pivot":{"x":-13.582815170288086,"y":-7.456483840942383,"z":0.012994766235351563},"rotation":{"x":0.42731842398643496,"y":-0.341934472322464,"z":0.17866364121437074,"w":0.8178004026412964},"size":30.780115127563478,"orthographic":false}