{"cameraMode":{"drawMode":0,"name":"Shaded","section":"Shading Mode"},"sceneLighting":false,"audioPlay":false,"sceneViewState":{"showFog":true,"showMaterialUpdate":false,"showSkybox":true,"showFlares":true,"showImageEffects":true,"showParticleSystems":true},"in2DMode":false,"pivot":{"x":-26.794048309326173,"y":-11.934682846069336,"z":5.630168914794922},"rotation":{"x":0.060835812240839007,"y":-0.14329251646995545,"z":0.008830886334180832,"w":0.9879330992698669},"size":52.33758544921875,"orthographic":false}