{"cameraMode":{"drawMode":0,"name":"Shaded","section":"Shading Mode"},"sceneLighting":false,"audioPlay":false,"sceneViewState":{"showFog":true,"showMaterialUpdate":false,"showSkybox":false,"showFlares":true,"showImageEffects":true,"showParticleSystems":true},"in2DMode":false,"pivot":{"x":-9.684652328491211,"y":-44.344173431396487,"z":9.327054023742676},"rotation":{"x":0.4082378149032593,"y":-0.4187636077404022,"z":0.2187805026769638,"w":0.7812519669532776},"size":60.2393684387207,"orthographic":false}