{"cameraMode":{"drawMode":0,"name":"Shaded","section":"Shading Mode"},"sceneLighting":false,"audioPlay":false,"sceneViewState":{"showFog":true,"showMaterialUpdate":false,"showSkybox":true,"showFlares":true,"showImageEffects":true,"showParticleSystems":true},"in2DMode":false,"pivot":{"x":-38.40919494628906,"y":-42.90692138671875,"z":43.297157287597659},"rotation":{"x":0.34935906529426577,"y":-0.32689329981803896,"z":0.13153856992721559,"w":0.8683897852897644},"size":65.96279907226563,"orthographic":false}