{"cameraMode":{"drawMode":0,"name":"Shaded","section":"Shading Mode"},"sceneLighting":false,"audioPlay":false,"sceneViewState":{"showFog":true,"showMaterialUpdate":false,"showSkybox":false,"showFlares":true,"showImageEffects":true,"showParticleSystems":true},"in2DMode":false,"pivot":{"x":-5.824961185455322,"y":-3.8844211101531984,"z":-0.6236324906349182},"rotation":{"x":0.1889493316411972,"y":-0.7387048006057739,"z":0.23096278309822083,"w":0.6044855117797852},"size":7.366415500640869,"orthographic":false}